UNITID,INSTNM
100654,Alabama A & M University
100663,University of Alabama at Birmingham
100690,Amridge University
100706,University of Alabama in Huntsville
100724,Alabama State University
100733,University of Alabama System Office
100751,The University of Alabama
100812,Athens State University
100830,Auburn University at Montgomery
100858,Auburn University
100937,Birmingham-Southern College
101116,South University-Montgomery
101189,Faulkner University
101365,Herzing University-Birmingham
101435,Huntingdon College
101453,Heritage Christian University
101480,Jacksonville State University
101587,University of West Alabama
101675,Miles College
101693,University of Mobile
101709,University of Montevallo
101879,University of North Alabama
101912,Oakwood University
102049,Samford University
102058,Selma University
102094,University of South Alabama
102234,Spring Hill College
102270,Stillman College
102298,Talladega College
102368,Troy University
102377,Tuskegee University
102395,United States Sports University
102553,University of Alaska Anchorage
102580,Alaska Bible College
102614,University of Alaska Fairbanks
102632,University of Alaska Southeast
102669,Alaska Pacific University
102845,Charter College
103529,University of Alaska System of Higher Education
104090,Brookline College-Phoenix
104151,Arizona State University Campus Immersion
104179,University of Arizona
104425,Cochise County Community College District
104577,Eastern Arizona College
104586,Embry-Riddle Aeronautical University-Prescott
104665,The School of Architecture
104708,Glendale Community College
104717,Grand Canyon University
105136,Maricopa Community College System Office
105145,GateWay Community College
105154,Mesa Community College
105297,Dine College
105330,Northern Arizona University
105349,Northland Pioneer College
105428,Phoenix College
105534,Pima Medical Institute-Tucson
105589,Prescott College
105668,Rio Salado College
105747,Scottsdale Community College
105792,South Mountain Community College
105899,Arizona Christian University
106148,Yavapai College
106245,University of Arkansas at Little Rock
106263,University of Arkansas for Medical Sciences
106306,Arkansas Baptist College
106342,Lyon College
106397,University of Arkansas
106412,University of Arkansas at Pine Bluff
106458,Arkansas State University
106467,Arkansas Tech University
106485,University of Arkansas at Monticello
106704,University of Central Arkansas
106713,Central Baptist College
106810,Crowley's Ridge College
107044,Harding University
107071,Henderson State University
107080,Hendrix College
107141,John Brown University
107512,Ouachita Baptist University
107558,University of the Ozarks
107600,Philander Smith University
107877,Williams Baptist University
107983,Southern Arkansas University Main Campus
108056,University of Arkansas System Office
108092,University of Arkansas-Fort Smith
108232,Academy of Art University
108269,Academy of Chinese Culture and Health Sciences
108861,Berkeley School of Theology
108870,American Film Institute Conservatory
109350,Antelope Valley Community College District
109651,Art Center College of Design
109785,Azusa Pacific University
109819,Bakersfield College
110060,Bethesda University
110097,Biola University
110219,Bryan University
110316,California Institute of Integral Studies
110361,California Baptist University
110370,California College of the Arts
110398,University of California College of the Law-San Francisco
110404,California Institute of Technology
110413,California Lutheran University
110422,California Polytechnic State University-San Luis Obispo
110468,Alliant International University-San Diego
110486,California State University-Bakersfield
110495,California State University-Stanislaus
110501,California State University-Chancellors Office
110510,California State University-San Bernardino
110529,California State Polytechnic University-Pomona
110538,California State University-Chico
110547,California State University-Dominguez Hills
110556,California State University-Fresno
110565,California State University-Fullerton
110574,California State University-East Bay
110583,California State University-Long Beach
110592,California State University-Los Angeles
110608,California State University-Northridge
110617,California State University-Sacramento
110635,University of California-Berkeley
110644,University of California-Davis
110653,University of California-Irvine
110662,University of California-Los Angeles
110671,University of California-Riverside
110680,University of California-San Diego
110699,University of California-San Francisco
110705,University of California-Santa Barbara
110714,University of California-Santa Cruz
110778,Sofia University
111045,Haven University
111081,California Institute of the Arts
111188,California State University Maritime Academy
111391,California Western School of Law
111638,Casa Loma College-Los Angeles
111948,Chapman University
111966,Charles R Drew University of Medicine and Science
112075,Concordia University-Irvine
112084,San Diego Christian College
112127,Church Divinity School of the Pacific
112251,Claremont Graduate University
112260,Claremont McKenna College
112394,University of Silicon Valley
112525,Western University of Health Sciences
112570,California College of ASU
113111,Crafton Hills College
113236,Cypress College
113582,Design Institute of San Diego
113698,Dominican University of California
113704,Dominican School of Philosophy & Theology
114114,Emperor's College of Traditional Oriental Medicine
114354,FIDM-Fashion Institute of Design & Merchandising
114433,Feather River Community College District
114549,Fielding Graduate University
114585,Five Branches University
114716,Foothill College
114734,Franciscan School of Theology
114789,Fresno City College
114813,Fresno Pacific University
114831,Foothill-De Anza Community College District
114840,Fuller Theological Seminary
115010,Glendale Career College
115083,Golden Gate University
115214,Graduate Theological Union
115409,Harvey Mudd College
115746,Pacifica Graduate Institute
115755,California State Polytechnic University-Humboldt
115773,Humphreys University-Stockton and Modesto Campuses
116226,Interior Designers Institute
116846,American Jewish University
117104,Life Pacific University
117140,University of La Verne
117168,Laguna College of Art and Design
117520,Life Chiropractic College West
117557,Lincoln University
117575,Southern California Seminary
117627,La Sierra University
117636,Loma Linda University
117672,Southern California University of Health Sciences
117681,Los Angeles Community College District Office
117733,Los Angeles Valley College
117751,The Master's University and Seminary
117867,Los Angeles Mission College
117946,Loyola Marymount University
118693,Menlo College
118888,Northeastern University Oakland
118912,MiraCosta College
118976,Modesto Junior College
119058,Middlebury Institute of International Studies at Monterey
119137,Moorpark College
119173,Mount Saint Mary's University
119270,Musicians Institute
119605,National University
119678,Naval Postgraduate School
119775,Newschool of Architecture and Design
120023,North Orange County Community College District
120166,San Francisco Bay University
120184,Notre Dame de Namur University
120254,Occidental College
120403,Otis College of Art and Design
120537,Hope International University
120698,Palo Alto University
120768,Pacific Oaks College
120795,Pacific School of Religion
120838,Pacific States University
120865,Pacific Union College
120883,University of the Pacific
121150,Pepperdine University
121257,Pitzer College
121309,Point Loma Nazarene University
121345,Pomona College
121619,Santa Ana College
121628,RAND School of Public Policy
121691,University of Redlands
121886,Rio Hondo College
122117,Dongguk University Los Angeles
122296,Samuel Merritt University
122320,San Diego Community College District-District Office
122375,San Diego Mesa College
122409,San Diego State University
122436,University of San Diego
122506,San Francisco Conservatory of Music
122597,San Francisco State University
122612,University of San Francisco
122649,San Joaquin College of Law
122685,San Joaquin Valley College-Visalia
122728,William Jessup University
122755,San Jose State University
122782,San Mateo County Community College District Office
122931,Santa Clara University
122977,Santa Monica College
123095,Saybrook University
123165,Scripps College
123280,Shasta Bible College and Graduate School
123299,Shasta College
123448,Trinity Law School
123457,Simpson University
123509,Skyline College
123554,Saint Mary's College of California
123563,Solano Community College
123572,Sonoma State University
123633,South Baylo University
123651,Vanguard University of Southern California
123916,Starr King School for the Ministry
123925,State Center Community College District
123943,Marshall B Ketchum University
123952,Southern California Institute of Architecture
123961,University of Southern California
123970,Southwestern Law School
124113,Taft College
124283,Claremont School of Theology
124292,Thomas Aquinas College
124487,Epic Bible College & Graduate School
124557,University of California-System Administration Central Office
125037,The Colleges of Law at Ventura
125231,Walden University
125471,West Los Angeles College
125532,Carrington College-Sacramento
125718,Westminster Theological Seminary in California
125727,Westmont College
125763,Whittier College
125897,Woodbury University
126012,The Wright Institute
126049,Thomas Jefferson School of Law
126076,Yeshiva Ohr Elchonon Chabad West Coast Talmudical Seminary
126100,Yosemite Community College District Office
126182,Adams State University
126207,Aims Community College
126289,Arapahoe Community College
126562,University of Colorado Denver/Anschutz Medical Campus
126580,University of Colorado Colorado Springs
126614,University of Colorado Boulder
126669,Colorado Christian University
126678,Colorado College
126687,Concorde Career College-Aurora
126711,Colorado Mountain College
126748,Colorado Northwestern Community College
126775,Colorado School of Mines
126818,Colorado State University-Fort Collins
126827,Colorado Technical University-Colorado Springs
126942,Community College of Denver
126979,Denver Seminary
127060,University of Denver
127185,Fort Lewis College
127200,Front Range Community College
127273,Iliff School of Theology
127556,Colorado Mesa University
127565,Metropolitan State University of Denver
127617,Morgan Community College
127653,Naropa University
127714,Nazarene Bible College
127741,University of Northern Colorado
127820,Pikes Peak State College
127884,Pueblo Community College
127909,Red Rocks Community College
127918,Regis University
127945,Rocky Mountain College of Art and Design
127954,Montessori Education Center of the Rockies
128106,Colorado State University Pueblo
128258,Trinidad State College
128300,University of Colorado System Office
128328,United States Air Force Academy
128391,Western Colorado University
128498,Albertus Magnus College
128586,Bais Binyomin Academy
128744,University of Bridgeport
128771,Central Connecticut State University
128780,Charter Oak State College
128902,Connecticut College
129020,University of Connecticut
129154,Goodwin University
129215,Eastern Connecticut State University
129242,Fairfield University
129428,Rensselaer at Hartford
129491,Hartford International University for Religion and Peace
129525,University of Hartford
129534,Holy Apostles College and Seminary
129774,Mitchell College
129941,University of New Haven
130110,Paier College
130183,Post University
130226,Quinnipiac University
130253,Sacred Heart University
130314,University of Saint Joseph
130493,Southern Connecticut State University
130590,Trinity College
130624,United States Coast Guard Academy
130697,Wesleyan University
130776,Western Connecticut State University
130794,Yale University
130882,Delaware Technical Community College-Central Office
130907,Delaware Technical Community College-Terry
130934,Delaware State University
130943,University of Delaware
130989,Goldey-Beacom College
131113,Wilmington University
131159,American University
131283,The Catholic University of America
131399,University of the District of Columbia
131405,Pontifical Faculty of the Immaculate Conception at the Dominican House of Studies
131450,Gallaudet University
131469,George Washington University
131496,Georgetown University
131520,Howard University
131803,Strayer University-District of Columbia
131876,Trinity Washington University
131973,Wesley Theological Seminary
132408,Baptist University of Florida
132471,Barry University
132602,Bethune-Cookman University
132657,Lynn University
132693,Eastern Florida State College
132709,Broward College
132842,Albizu University-Miami
132851,College of Central Florida
132879,Johnson University Florida
132903,University of Central Florida
133021,Chipola College
133386,Daytona State College
133465,South University-West Palm Beach
133492,Eckerd College
133508,Florida SouthWestern State College
133526,Edward Waters University
133553,Embry-Riddle Aeronautical University-Daytona Beach
133650,Florida Agricultural and Mechanical University
133669,Florida Atlantic University
133702,Florida State College at Jacksonville
133711,Flagler College
133809,Florida College
133872,AdventHealth University
133881,Florida Institute of Technology
133951,Florida International University
133960,The College of the Florida Keys
133979,Florida Memorial University
134079,Florida Southern College
134097,Florida State University
134130,University of Florida
134237,Full Sail University
134343,Gulf Coast State College
134495,Hillsborough Community College
134510,Hobe Sound Bible College
134608,Indian River State College
134945,Jacksonville University
135081,Keiser University-Ft Lauderdale
135160,Florida Gateway College
135188,Lake-Sumter State College
135364,Luther Rice College & Seminary
135391,State College of Florida-Manatee-Sarasota
135610,Trinity International University-Florida
135717,Miami Dade College
135726,University of Miami
136145,North Florida College
136172,University of North Florida
136215,Nova Southeastern University
136233,Northwest Florida State College
136330,Palm Beach Atlantic University
136358,Palm Beach State College
136400,Pasco-Hernando State College
136473,Pensacola State College
136516,Polk State College
136701,Saint Vincent de Paul Regional Seminary
136774,Ringling College of Art and Design
136950,Rollins College
137032,Saint Leo University
137078,St Petersburg College
137096,Santa Fe College
137209,Seminole State College of Florida
137272,St. John Vianney College Seminary
137281,Saint Johns River State College
137315,South Florida State College
137351,University of South Florida
137476,St. Thomas University
137546,Stetson University
137564,Southeastern University
137759,Tallahassee State College
137777,Talmudic College of Florida
137847,The University of Tampa
137953,Trinity Baptist College
137962,Trinity College of Florida
138187,Valencia College
138275,Warner University
138293,Webber International University
138309,Rasmussen University-Florida
138354,University of West Florida
138558,Abraham Baldwin Agricultural College
138600,Agnes Scott College
138716,Albany State University
138761,Andrew College
138868,Point University
138901,Atlanta Metropolitan State College
138929,Atlanta's John Marshall Law School
138947,Clark Atlanta University
139144,Berry College
139153,Beulah Heights University
139199,Brenau University
139205,Brewton-Parker College
139250,College of Coastal Georgia
139311,Clayton  State University
139348,Columbia Theological Seminary
139366,Columbus State University
139393,Covenant College
139463,Dalton State College
139579,South University-Savannah
139621,East Georgia State College
139630,Emmanuel University
139658,Emory University
139700,Georgia Highlands College
139719,Fort Valley State University
139755,Georgia Institute of Technology-Main Campus
139764,Georgia Southwestern State University
139861,Georgia College & State University
139931,Georgia Southern University
139940,Georgia State University
139959,University of Georgia
139968,Gordon State College
140146,Interdenominational Theological Center
140234,LaGrange College
140252,Life University
140340,Herzing University-Atlanta
140447,Mercer University
140553,Morehouse College
140562,Morehouse School of Medicine
140696,Oglethorpe University
140720,Paine College
140818,Piedmont University
140872,Reinhardt University
140951,Savannah College of Art and Design
140960,Savannah State University
140988,Shorter University
141060,Spelman College
141167,Thomas University
141185,Toccoa Falls College
141237,Truett McConnell University
141264,Valdosta State University
141325,Wesleyan College
141334,University of West Georgia
141361,Young Harris College
141486,Chaminade University of Honolulu
141565,University of Hawaii at Hilo
141574,University of Hawaii at Manoa
141644,Hawaii Pacific University
141839,University of Hawaii Maui College
141963,University of Hawaii System Office
141981,University of Hawaii-West Oahu
142090,Boise Bible College
142115,Boise State University
142276,Idaho State University
142285,University of Idaho
142294,The College of Idaho
142328,Lewis-Clark State College
142461,Northwest Nazarene University
142522,Brigham Young University-Idaho
142559,College of Southern Idaho
142832,Adler University
142887,American Academy of Art College
142957,American Islamic College
143048,School of the Art Institute of Chicago
143084,Augustana College
143118,Aurora University
143233,Bethany Theological Seminary
143288,Blackburn College
143297,Blessing Rieman College of Nursing and Health Sciences
143358,Bradley University
143659,Catholic Theological Union at Chicago
143853,Midwestern University-Downers Grove
143978,The Chicago School at Chicago
144005,Chicago State University
144014,Chicago Theological Seminary
144050,University of Chicago
144281,Columbia College Chicago
144351,Concordia University-Chicago
144740,DePaul University
144777,DeVry University-Administrative Office
144883,East-West University
144892,Eastern Illinois University
144962,Elmhurst University
144971,Eureka College
145275,Garrett-Evangelical Theological Seminary
145336,Governors State University
145372,Greenville University
145497,Hebrew Theological College
145558,Rosalind Franklin University of Medicine and Science
145600,University of Illinois Chicago
145619,Benedictine University
145628,Illinois College of Optometry
145637,University of Illinois Urbana-Champaign
145646,Illinois Wesleyan University
145691,Illinois College
145725,Illinois Institute of Technology
145813,Illinois State University
145886,Institute for Clinical Social Work
146339,Judson University
146427,Knox College
146481,Lake Forest College
146490,Lake Forest Graduate School of Management
146533,Lakeview College of Nursing
146612,Lewis University
146667,Lincoln Christian University
146719,Loyola University Chicago
146728,Lutheran School of Theology at Chicago
146755,Trinity College of Nursing & Health Sciences
146977,McCormick Theological Seminary
147013,McKendree University
147031,Meadville Theological School of Lombard College
147129,Methodist College
147244,Millikin University
147341,Monmouth College
147369,Moody Bible Institute
147536,National Louis University
147590,National University of Health Sciences
147660,North Central College
147679,North Park University
147697,Northern Baptist Theological Seminary
147703,Northern Illinois University
147767,Northwestern University
147776,Northeastern Illinois University
147828,Olivet Nazarene University
148016,Principia College
148131,Quincy University
148405,Rockford University
148487,Roosevelt University
148496,Dominican University
148511,Rush University
148575,Saint Francis Medical Center College of Nursing
148584,University of St Francis
148593,St. John's College-Department of Nursing
148627,Saint Xavier University
148654,University of Illinois Springfield
148876,St. Augustine College
148885,University of Saint Mary of the Lake
148982,Spertus College
149028,Saint Anthony College of Nursing
149222,Southern Illinois University-Carbondale
149231,Southern Illinois University Edwardsville
149240,Southern Illinois University-System Office
149329,Telshe Yeshiva-Chicago
149505,Trinity Christian College
149514,Trinity International University-Illinois
149587,University of Illinois System Offices
149639,VanderCook College of Music
149772,Western Illinois University
149781,Wheaton College
150066,Anderson University
150136,Ball State University
150145,Bethel University
150163,Butler University
150172,Calumet College of Saint Joseph
150215,Christian Theological Seminary
150288,Concordia Theological Seminary
150400,DePauw University
150455,Earlham College
150534,University of Evansville
150604,Franklin College
150668,Goshen College
150677,Grace College and Theological Seminary
150756,Hanover College
150774,Holy Cross College
150941,Huntington University
151102,Purdue University Fort Wayne
151111,Indiana University-Indianapolis
151263,University of Indianapolis
151290,Indiana Institute of Technology
151306,University of Southern Indiana
151324,Indiana State University
151333,Indiana University-Kokomo
151342,Indiana University-South Bend
151351,Indiana University-Bloomington
151360,Indiana University-Northwest
151379,Indiana University-Southeast
151388,Indiana University-East
151777,Manchester University
151786,Marian University
151801,Indiana Wesleyan University-Marion
151810,Martin University
151865,Anabaptist Mennonite Biblical Seminary
151962,Mid-America College of Funeral Service
152080,University of Notre Dame
152099,Oakland City University
152318,Rose-Hulman Institute of Technology
152336,University of Saint Francis-Fort Wayne
152381,Saint Mary-of-the-Woods College
152390,Saint Mary's College
152451,Saint Meinrad School of Theology
152530,Taylor University
152567,Trine University
152600,Valparaiso University
152637,Vincennes University
152673,Wabash College
152798,Allen College
152992,Briar Cliff University
153001,Buena Vista University
153108,Central College
153126,Clarke University
153144,Coe College
153162,Cornell College
153241,Divine Word College
153250,Dordt University
153269,Drake University
153278,University of Dubuque
153302,Emmaus Bible College
153320,Faith Baptist Bible College and Theological Seminary
153366,Graceland University-Lamoni
153375,Grand View University
153384,Grinnell College
153427,Orion Technical College
153603,Iowa State University
153658,University of Iowa
153825,Loras College
153834,Luther College
153861,Maharishi International University
153977,Mercy College of Health Sciences
154004,Morningside University
154013,Mount Mercy University
154022,Ashford University
154095,University of Northern Iowa
154101,Northwestern College
154156,Des Moines University-Osteopathic Medical Center
154174,Palmer College of Chiropractic
154235,Saint Ambrose University
154262,St Luke's College
154350,Simpson College
154493,Upper Iowa University
154518,Waldorf University
154527,Wartburg College
154536,Wartburg Theological Seminary
154590,William Penn University
154688,Baker University
154712,Benedictine College
154721,Bethany College
154749,Bethel College-North Newton
154855,Central Christian College of Kansas
155007,Donnelly College
155025,Emporia State University
155061,Fort Hays State University
155070,Barclay College
155089,Friends University
155140,Haskell Indian Nations University
155177,Hesston College
155283,Concorde Career College-Kansas City
155308,Kansas Christian College
155317,University of Kansas
155335,Newman University
155399,Kansas State University
155414,Kansas Wesleyan University
155496,Manhattan Christian College
155511,McPherson College
155520,MidAmerica Nazarene University
155627,Ottawa University-Ottawa
155636,Ottawa University-Kansas City
155681,Pittsburg State University
155812,University of Saint Mary
155900,Southwestern College
155937,Sterling College
155973,Tabor College
156082,Washburn University
156125,Wichita State University
156189,Alice Lloyd College
156213,Asbury University
156222,Asbury Theological Seminary
156286,Bellarmine University
156295,Berea College
156356,Brescia University
156365,Campbellsville University
156408,Centre College
156417,Clear Creek Baptist Bible College
156471,Galen College of Nursing-Louisville
156541,University of the Cumberlands
156620,Eastern Kentucky University
156727,Frontier Nursing University
156745,Georgetown College
157021,American National University-Pikeville
157030,Kentucky Mountain Bible College
157058,Kentucky State University
157076,Kentucky Wesleyan College
157085,University of Kentucky
157100,Kentucky Christian University
157207,Lexington Theological Seminary
157216,Lindsey Wilson College
157289,University of Louisville
157298,Louisville Presbyterian Theological Seminary
157377,Midway University
157386,Morehead State University
157401,Murray State University
157447,Northern Kentucky University
157535,University of Pikeville
157748,The Southern Baptist Theological Seminary
157757,Spalding University
157793,Sullivan University
157809,Thomas More University
157818,Transylvania University
157863,Union Commonwealth University
157951,Western Kentucky University
158477,Centenary College of Louisiana
158802,Dillard University
159009,Grambling State University
159373,Louisiana State University Health Sciences Center-New Orleans
159382,Louisiana State University-Alexandria
159391,Louisiana State University and Agricultural & Mechanical College
159416,Louisiana State University-Shreveport
159568,Louisiana Christian University
159647,Louisiana Tech University
159656,Loyola University New Orleans
159717,McNeese State University
159939,University of New Orleans
159948,New Orleans Baptist Theological Seminary
159966,Nicholls State University
159993,University of Louisiana at Monroe
160038,Northwestern State University of Louisiana
160065,University of Holy Cross
160074,Franciscan Missionaries of Our Lady University
160409,Saint Joseph Seminary College
160533,Southern University-Board and System
160612,Southeastern Louisiana University
160621,Southern University and A & M College
160630,Southern University at New Orleans
160658,University of Louisiana at Lafayette
160755,Tulane University of Louisiana
160904,Xavier University of Louisiana
160959,College of the Atlantic
160977,Bates College
160995,Beal University
161004,Bowdoin College
161022,Maine College of Health Professions
161086,Colby College
161217,University of Maine at Augusta
161226,University of Maine at Farmington
161235,University of Maine at Fort Kent
161253,University of Maine
161280,University of Maine-System Central Office
161299,Maine Maritime Academy
161341,University of Maine at Presque Isle
161457,University of New England
161509,Maine College of Art & Design
161518,Saint Joseph's College of Maine
161554,University of Southern Maine
161563,Thomas College
161572,Unity Environmental University
161873,University of Baltimore
162007,Bowie State University
162061,Capitol Technology University
162210,Washington Adventist University
162283,Coppin State University
162584,Frostburg State University
162654,Goucher College
162760,Hood College
162928,Johns Hopkins University
163046,Loyola University Maryland
163204,University of Maryland Global Campus
163259,"University of Maryland, Baltimore"
163268,University of Maryland-Baltimore County
163286,University of Maryland-College Park
163295,Maryland Institute College of Art
163338,University of Maryland Eastern Shore
163453,Morgan State University
163462,Mount St. Mary's University
163532,Ner Israel Rabbinical College
163578,Notre Dame of Maryland University
163851,Salisbury University
163912,St. Mary's College of Maryland
163976,St. John's College
164076,Towson University
164085,Maryland University of Integrative Health
164146,University System of Maryland
164155,United States Naval Academy
164173,Stevenson University
164216,Washington College
164270,McDaniel College
164368,Hult International Business School
164447,American International College
164465,Amherst College
164492,Anna Maria College
164562,Assumption University
164580,Babson College
164614,Boston Baptist College
164632,Bay Path University
164739,Bentley University
164748,Berklee College of Music
164872,Boston Architectural College
164915,Boston Graduate School of Psychoanalysis Inc
164924,Boston College
164988,Boston University
165015,Brandeis University
165024,Bridgewater State University
165167,Cambridge College
165264,Laboure College of Healthcare
165334,Clark University
165495,Conway School of Landscape Design
165529,Curry College
165574,Dean College
165644,Eastern Nazarene College
165662,Emerson College
165671,Emmanuel College
165699,Endicott College
165802,Fisher College
165820,Fitchburg State University
165866,Framingham State University
165884,Benjamin Franklin Cummings Institute of Technology
165936,Gordon College
165945,Gordon-Conwell Theological Seminary
166018,Hampshire College
166027,Harvard University
166045,Hebrew College
166054,Hellenic College-Holy Cross Greek Orthodox School of Theology
166124,College of the Holy Cross
166391,Lasell University
166452,Lesley University
166489,Longy School of Music of Bard College
166513,University of Massachusetts-Lowell
166629,University of Massachusetts-Amherst
166638,University of Massachusetts-Boston
166656,MCPHS University
166665,University of Massachusetts-Central Office
166674,Massachusetts College of Art and Design
166683,Massachusetts Institute of Technology
166692,Massachusetts Maritime Academy
166708,University of Massachusetts Chan Medical School
166717,William James College
166850,Merrimack College
166869,MGH Institute of Health Professions
166911,Montserrat College of Art
166939,Mount Holyoke College
167057,The New England Conservatory of Music
167093,New England College of Optometry
167215,New England Law-Boston
167260,Nichols College
167288,Massachusetts College of Liberal Arts
167358,Northeastern University
167394,College of Our Lady of the Elms
167464,Pope St John XXIII National Seminary
167525,Quincy College
167598,Regis College
167677,Saint John's Seminary
167729,Salem State University
167783,Simmons University
167792,Bard College at Simon's Rock
167835,Smith College
167899,Springfield College
167987,University of Massachusetts-Dartmouth
167996,Stonehill College
168005,Suffolk University
168148,Tufts University
168218,Wellesley College
168227,Wentworth Institute of Technology
168254,Western New England University
168263,Westfield State University
168281,Wheaton College (Massachusetts)
168342,Williams College
168421,Worcester Polytechnic Institute
168430,Worcester State University
168528,Adrian College
168546,Albion College
168591,Alma College
168607,Alpena Community College
168740,Andrews University
168786,Aquinas College
168847,Baker College
169080,Calvin University
169099,Calvin Theological Seminary
169220,Michigan School of Psychology
169248,Central Michigan University
169327,Cleary University
169363,Concordia University Ann Arbor
169424,Cranbrook Academy of Art
169442,College for Creative Studies
169479,Davenport University
169716,University of Detroit Mercy
169798,Eastern Michigan University
169910,Ferris State University
169983,Kettering University
170000,Grace Christian University
170037,Cornerstone University
170082,Grand Valley State University
170091,Great Lakes Christian College
170240,Henry Ford College
170286,Hillsdale College
170301,Hope College
170444,Jackson College
170532,Kalamazoo College
170639,Lake Superior State University
170675,Lawrence Technological University
170806,Madonna University
170967,Rochester University
170976,University of Michigan-Ann Arbor
171100,Michigan State University
171128,Michigan Technological University
171137,University of Michigan-Dearborn
171146,University of Michigan-Flint
171456,Northern Michigan University
171483,Northwestern Michigan College
171492,Northwood University
171571,Oakland University
171599,The University of Olivet
171881,Kuyper College
172033,Sacred Heart Major Seminary
172051,Saginaw Valley State University
172200,Schoolcraft Community College District
172264,Siena Heights University
172334,Spring Arbor University
172477,Thomas M Cooley Law School
172608,Walsh College
172644,Wayne State University
172699,Western Michigan University
172705,Western Theological Seminary
172866,Academy College
173045,Augsburg University
173124,Bemidji State University
173142,Bethany Lutheran College
173160,Bethel University
173258,Carleton College
173300,Concordia College at Moorhead
173328,Concordia University-Saint Paul
173452,Martin Luther College
173647,Gustavus Adolphus College
173665,Hamline University
173683,Hazelden Betty Ford Graduate School
173896,Luther Seminary
173902,Macalester College
173920,Minnesota State University-Mankato
173957,Mayo Clinic College of Medicine and Science
174020,Metropolitan State University
174066,University of Minnesota-Twin Cities
174075,University of Minnesota-Crookston
174127,Minneapolis College of Art and Design
174154,Herzing University-Minneapolis
174233,University of Minnesota-Duluth
174251,University of Minnesota-Morris
174358,Minnesota State University Moorhead
174437,North Central University
174491,University of Northwestern-St Paul
174507,Northwestern Health Sciences University
174525,Oak Hills Christian College
174747,College of Saint Benedict
174783,Saint Cloud State University
174792,Saint Johns University
174817,Saint Mary's University of Minnesota
174844,St Olaf College
174862,Crown College
174899,The College of Saint Scholastica
174914,University of St Thomas
175005,St Catherine University
175014,Rasmussen University-Minnesota
175078,Southwest Minnesota State University
175139,United Theological Seminary of the Twin Cities
175227,Dunwoody College of Technology
175272,Winona State University
175281,Mitchell Hamline School of Law
175342,Alcorn State University
175421,Belhaven University
175430,Blue Mountain Christian University
175616,Delta State University
175856,Jackson State University
175980,Millsaps College
175999,Board of Trustees-Mississippi State Institutions of Higher Learning
176017,University of Mississippi
176035,Mississippi University for Women
176044,Mississippi Valley State University
176053,Mississippi College
176080,Mississippi State University
176318,Rust College
176336,Southeastern Baptist College
176372,University of Southern Mississippi
176406,Tougaloo College
176451,Wesley Biblical Seminary
176479,William Carey University
176600,Aquinas Institute of Theology
176628,Avila University
176664,Mission University
176770,Cox College
176789,Calvary University
176910,Central Christian College of the Bible
176947,Central Methodist University-College of Liberal Arts and Sciences
176965,University of Central Missouri
177038,Cleveland University-Kansas City
177065,Columbia College
177083,Conception Seminary College
177092,Concordia Seminary
177117,Cottey College
177126,Covenant Theological Seminary
177144,Culver-Stockton College
177214,Drury University
177278,Eden Theological Seminary
177339,Evangel University
177418,Fontbonne University
177472,Ozarks Technical Community College
177542,Hannibal-LaGrange University
177551,Harris-Stowe State University
177719,Barnes-Jewish College Goldfarb School of Nursing
177746,Kansas City Art Institute
177816,Kenrick Glennon Seminary
177834,A T Still University of Health Sciences
177940,Lincoln University
177968,Lindenwood University
177986,Logan University
178059,Maryville University of Saint Louis
178208,Midwestern Baptist Theological Seminary
178244,Missouri Baptist University
178341,Missouri Southern State University
178369,Missouri Valley College
178387,Missouri Western State University
178396,University of Missouri-Columbia
178402,University of Missouri-Kansas City
178411,Missouri University of Science and Technology
178420,University of Missouri-St Louis
178439,University of Missouri-System Office
178518,Nazarene Theological Seminary
178615,Truman State University
178624,Northwest Missouri State University
178679,Ozark Christian College
178697,College of the Ozarks
178721,Park University
178767,Stevens-The Institute of Business & Arts
178891,Ranken Technical College
178989,Research College of Nursing
179043,Rockhurst University
179159,Saint Louis University
179265,University of Health Sciences and Pharmacy in St. Louis
179308,Saint Louis Community College
179317,Saint Paul School of Theology
179326,Southwest Baptist University
179548,Stephens College
179557,Southeast Missouri State University
179566,Missouri State University-Springfield
179812,Kansas City University
179867,Washington University in St Louis
179894,Webster University
179946,Westminster College
179955,William Jewell College
179964,William Woods University
180054,Blackfeet Community College
180106,Carroll College
180179,Montana State University Billings
180203,Aaniiih Nakoda College
180258,University of Providence
180416,Montana Technological University
180461,Montana State University
180489,The University of Montana
180522,Montana State University-Northern
180595,Rocky Mountain College
180647,Salish Kootenai College
180692,The University of Montana-Western
180814,Bellevue University
180832,Clarkson College
180878,Bryan College of Health Sciences
180948,Chadron State College
180984,Concordia University-Nebraska
181002,Creighton University
181020,Doane University
181127,Hastings College
181145,CHI Health School of Radiologic Technology
181215,University of Nebraska at Kearney
181297,Nebraska Methodist College of Nursing & Allied Health
181330,Midland University
181394,University of Nebraska at Omaha
181419,Nebraska Indian Community College
181428,University of Nebraska Medical Center
181446,Nebraska Wesleyan University
181464,University of Nebraska-Lincoln
181534,Peru State College
181543,Summit Christian College
181604,College of Saint Mary
181738,Union Adventist University
181747,University of Nebraska-Central Administration System Office
181783,Wayne State College
181853,York University
182005,College of Southern Nevada
182148,Las Vegas College
182281,University of Nevada-Las Vegas
182290,University of Nevada-Reno
182306,Great Basin College
182500,Truckee Meadows Community College
182519,Nevada System of Higher Education-System Office
182564,Western Nevada College
182634,Colby-Sawyer College
182670,Dartmouth College
182795,Franklin Pierce University
182829,University of New Hampshire-Franklin Pierce School of Law
182917,Magdalen College
182980,New England College
183026,Southern New Hampshire University
183044,University of New Hampshire-Main Campus
183062,Keene State College
183071,University of New Hampshire at Manchester
183080,Plymouth State University
183211,Rivier University
183239,Saint Anselm College
183257,University of New Hampshire College of Professional Studies Online
183275,Thomas More College of Liberal Arts
183327,University System of New Hampshire System Office
183488,Eastwick College-Hackensack
183789,Berkeley College-Woodland Park
183804,Beth Medrash Govoha
183822,Bloomfield College of Montclair State University
183910,Caldwell University
183974,Centenary University
184348,Drew University
184603,Fairleigh Dickinson University-Metropolitan Campus
184612,Felician University
184694,Fairleigh Dickinson University-Florham Campus
184773,Georgian Court University
184782,Rowan University
184959,Eastwick College-Ramsey
185129,New Jersey City University
185262,Kean University
185572,Monmouth University
185590,Montclair State University
185758,New Brunswick Theological Seminary
185828,New Jersey Institute of Technology
186122,Princeton Theological Seminary
186131,Princeton University
186186,Rabbinical College of America
186201,Ramapo College of New Jersey
186283,Rider University
186371,Rutgers University-Camden
186380,Rutgers University-New Brunswick
186399,Rutgers University-Newark
186432,Saint Peter's University
186584,Seton Hall University
186618,Saint Elizabeth University
186867,Stevens Institute of Technology
186876,Stockton University
186900,Talmudical Academy-New Jersey
187046,Thomas Edison State University
187134,The College of New Jersey
187444,William Paterson University of New Jersey
187596,Navajo Technical University
187648,Eastern New Mexico University-Main Campus
187745,Institute of American Indian and Alaska Native Culture and Arts Development
187897,New Mexico Highlands University
187967,New Mexico Institute of Mining and Technology
187985,University of New Mexico-Main Campus
188030,New Mexico State University-Main Campus
188058,Northern New Mexico College
188182,University of the Southwest
188207,Southwestern College
188304,Western New Mexico University
188340,Vaughn College of Aeronautics and Technology
188429,Adelphi University
188517,Bryant & Stratton College-Albany
188526,Albany College of Pharmacy and Health Sciences
188535,Albany Law School
188580,Albany Medical College
188641,Alfred University
188854,American Musical and Dramatic Academy
188942,Associated Beth Rivkah Schools
189015,Bank Street College of Education
189088,Bard College
189097,Barnard College
189228,Berkeley College-New York
189273,Beth Hamedrash Shaarei Yosher Institute
189282,Mount Sinai Phillips School of Nursing
189413,Boricua College
189501,Brooklyn Law School
189565,Bryant & Stratton College-Syracuse North
189583,Bryant & Stratton College-Buffalo
189592,Bryant & Stratton College-Greece
189705,Canisius University
189857,Central Yeshiva Tomchei Tmimim Lubavitz
190035,CUNY System Office
190044,Clarkson University
190080,Colgate Rochester Crozer Divinity School
190099,Colgate University
190114,Metropolitan College of New York
190150,Columbia University in the City of New York
190372,The Cooper Union for the Advancement of Science and Art
190415,Cornell University
190424,Weill Medical College of Cornell University
190503,Culinary Institute of America
190512,CUNY Bernard M Baruch College
190549,CUNY Brooklyn College
190558,College of Staten Island CUNY
190567,CUNY City College
190576,CUNY Graduate School and University Center
190594,CUNY Hunter College
190600,CUNY John Jay College of Criminal Justice
190637,CUNY Lehman College
190646,CUNY Medgar Evers College
190655,CUNY New York City College of Technology
190664,CUNY Queens College
190682,CUNY School of Law
190691,CUNY York College
190716,D'Youville  University
190725,Daemen University
190752,Yeshiva of Far Rockaway Derech Ayson Rabbinical Seminary
190761,Dominican University New York
190983,Elmira College
191126,Fashion Institute of Technology
191205,Five Towns College
191241,Fordham University
191515,Hamilton College
191533,Hartwick College
191597,Helene Fuld College of Nursing
191621,Hilbert College
191630,Hobart William Smith Colleges
191649,Hofstra University
191676,Houghton University
191931,Iona University
191968,Ithaca College
192004,Jamestown Business College
192040,Jewish Theological Seminary of America
192110,The Juilliard School
192165,Kehilath Yakov Rabbinical Seminary
192192,Keuka College
192271,LIM College
192323,Le Moyne College
192448,Long Island University
192624,Machzikei Hadath Rabbinical College
192703,Manhattan University
192712,Manhattan School of Music
192749,Manhattanville University
192785,Maria College of Albany
192819,Marist University
192864,Marymount Manhattan College
193016,Mercy University
193052,Mesivta Torah Vodaath Rabbinical Seminary
193061,Mesivta of Eastern Parkway-Yeshiva Zichron Meilech
193070,Mesivtha Tifereth Jerusalem of America
193247,Mirrer Yeshiva Cent Institute
193292,Molloy University
193308,Monroe University
193353,Mount Saint Mary College
193399,University of Mount Saint Vincent
193405,Icahn School of Medicine at Mount Sinai
193584,Nazareth University
193654,The New School
193751,Northeast College of Health Sciences
193821,New York Law School
193830,New York Medical College
193894,New York Theological Seminary
193900,New York University
193973,Niagara University
194073,New York College of Podiatric Medicine
194091,New York Institute of Technology
194116,New York School of Interior Design
194189,Ohr Hameir Theological Seminary
194310,Pace University
194392,Paul Smiths College of Arts and Science
194499,Plaza College
194569,Davis College
194578,Pratt Institute-Main
194657,Rabbinical Academy Mesivta Rabbi Chaim Berlin
194666,Rabbinical College Bobover Yeshiva Bnei Zion
194693,Rabbinical College Beth Shraga
194736,Rabbinical College of Long Island
194763,Rabbinical Seminary of America
194824,Rensselaer Polytechnic Institute
194958,Roberts Wesleyan University
195003,Rochester Institute of Technology
195030,University of Rochester
195049,The Rockefeller University
195128,Russell Sage College
195155,St Bernard's School of Theology and Ministry
195164,St Bonaventure University
195173,St. Francis College
195216,St Lawrence University
195234,The College of Saint Rose
195243,St. Thomas Aquinas College
195304,Sarah Lawrence College
195438,Sh'or Yoshuv Rabbinical College
195474,Siena College
195526,Skidmore College
195544,St. Joseph's University-New York
195580,Saint Vladimirs Orthodox Theological Seminary
195720,St. John Fisher University
195809,St. John's University-New York
195827,SUNY-System Office
196006,SUNY College of Technology at Alfred
196015,SUNY College of Technology at Canton
196024,SUNY College of Technology at Delhi
196033,SUNY College of Agriculture and Technology at Cobleskill
196042,Farmingdale State College
196051,SUNY Morrisville
196060,University at Albany
196079,Binghamton University
196088,University at Buffalo
196097,Stony Brook University
196103,SUNY College of Environmental Science and Forestry
196112,SUNY Polytechnic Institute
196121,SUNY Brockport
196130,SUNY Buffalo State University
196149,State University of New York at Cortland
196158,SUNY at Fredonia
196167,SUNY College at Geneseo
196176,State University of New York at New Paltz
196185,SUNY Oneonta
196194,State University of New York at Oswego
196200,SUNY College at Potsdam
196219,SUNY at Purchase College
196228,SUNY College of Optometry
196237,SUNY Old Westbury
196246,State University of New York at Plattsburgh
196255,SUNY Downstate Health Sciences University
196264,Empire State University
196291,SUNY Maritime College
196307,Upstate Medical University
196413,Syracuse University
196431,Talmudical Seminary Oholei Torah
196440,Talmudical Institute of Upstate New York
196468,Teachers College at Columbia University
196583,Torah Temimah Talmudical Seminary
196592,Touro University
196653,Trocaire College
196680,Excelsior University
196866,Union College
196884,Union Theological Seminary in the City of New York
197018,United Talmudical Seminary
197027,United States Merchant Marine Academy
197036,United States Military Academy
197045,Utica University
197133,Vassar College
197142,Villa Maria College
197151,School of Visual Arts
197197,Wagner College
197221,Webb Institute
197230,Wells College
197285,The College of Westchester
197601,Yeshiva Karlin Stolin
197647,Yeshiva Derech Chaim
197674,Yeshiva of Nitra Rabbinical College
197692,Yeshivath Shaar Hatorah
197708,Yeshiva University
197735,Yeshivath Viznitz
197744,Yeshivath Zichron Moshe
197869,Appalachian State University
197911,Barton College
197984,Belmont Abbey College
197993,Bennett College
198066,Brevard College
198109,Cabarrus College of Health Sciences
198136,Campbell University
198215,Catawba College
198303,Chowan University
198385,Davidson College
198419,Duke University
198464,East Carolina University
198507,Elizabeth City State University
198516,Elon University
198543,Fayetteville State University
198561,Gardner-Webb University
198598,Greensboro College
198613,Guilford College
198677,Heritage Bible College
198695,High Point University
198756,Johnson C Smith University
198808,Lees-McRae College
198835,Lenoir-Rhyne University
198862,Livingstone College
198899,Mars Hill University
198950,Meredith College
198969,Methodist University
198978,Miller-Motte College-Wilmington
199032,Montreat College
199069,University of Mount Olive
199102,North Carolina A & T State University
199111,University of North Carolina Asheville
199120,University of North Carolina at Chapel Hill
199139,University of North Carolina at Charlotte
199148,University of North Carolina at Greensboro
199157,North Carolina Central University
199175,University of North Carolina System
199184,University of North Carolina School of the Arts
199193,North Carolina State University at Raleigh
199209,North Carolina Wesleyan University
199218,University of North Carolina Wilmington
199272,William Peace University
199281,University of North Carolina at Pembroke
199306,Pfeiffer University
199412,Queens University of Charlotte
199458,Mid-Atlantic Christian University
199582,Saint Augustine's University
199607,Salem College
199643,Shaw University
199698,St. Andrews University
199759,Southeastern Baptist Theological Seminary
199847,Wake Forest University
199865,Warren Wilson College
199883,Watts College of Nursing
199962,Wingate University
199971,Carolina Christian College
199999,Winston-Salem State University
200004,Western Carolina University
200013,Rasmussen University-North Dakota
200022,Bismarck State College
200059,Dickinson State University
200086,Nueta Hidatsa Sahnish College
200156,University of Jamestown
200217,University of Mary
200226,Mayville State University
200253,Minot State University
200280,University of North Dakota
200332,North Dakota State University-Main Campus
200466,Sitting Bull College
200484,Trinity Bible College and Graduate School
200527,Turtle Mountain Community College
200554,United Tribes Technical College
200572,Valley City State University
200697,Air Force Institute of Technology-Graduate School of Engineering & Management
200785,Herzing University-Akron
200800,University of Akron Main Campus
200846,University of Akron Wayne College
200873,Allegheny Wesleyan College
201061,Art Academy of Cincinnati
201104,Ashland University
201140,Athenaeum of Ohio
201177,Aultman College of Nursing and Health Sciences
201195,Baldwin Wallace University
201371,Bluffton University
201432,Bowling Green State University-Firelands
201441,Bowling Green State University-Main Campus
201469,Bryant & Stratton College-Parma
201548,Capital University
201645,Case Western Reserve University
201654,Cedarville University
201672,Central Ohio Technical College
201690,Central State University
201821,The Christ College of Nursing and Health Sciences
201867,Cincinnati College of Mortuary Science
201885,University of Cincinnati-Main Campus
201928,Cincinnati State Technical and Community College
201946,University of Cincinnati-Clermont College
201955,University of Cincinnati-Blue Ash College
201964,Ohio Christian University
201973,Clark State College
202046,Cleveland Institute of Art
202073,Cleveland Institute of Music
202134,Cleveland State University
202170,Columbus College of Art & Design
202222,Columbus State Community College
202435,Davis College
202480,University of Dayton
202514,Defiance College
202523,Denison University
202648,Edison State Community College
202763,The University of Findlay
202806,Franklin University
202903,Gods Bible School and College
202912,Good Samaritan College of Nursing and Health Science
203067,Hebrew Union College-Jewish Institute of Religion
203085,Heidelberg University
203128,Hiram College
203368,John Carroll University
203447,Kent State University at Ashtabula
203456,Kent State University at East Liverpool
203465,Kent State University at Stark
203474,Kent State University at Trumbull
203483,Kent State University at Tuscarawas
203492,Kent State University at Salem
203517,Kent State University at Kent
203526,Kent State University at Geauga
203535,Kenyon College
203544,Kettering College
203580,Lake Erie College
203678,James A. Rhodes State College
203748,Lorain County Community College
203757,Lourdes University
203775,Malone University
203845,Marietta College
203881,Marion Technical College
203960,Mercy College of Ohio
203997,Methodist Theological School in Ohio
204006,Miami University-Hamilton
204015,Miami University-Middletown
204024,Miami University-Oxford
204176,Mount Carmel College of Nursing
204185,University of Mount Union
204194,Mount Vernon Nazarene University
204200,Mount St. Joseph University
204255,Zane State College
204264,Muskingum University
204422,North Central State College
204468,Notre Dame College
204477,Northeast Ohio Medical University
204486,University of Northwestern Ohio
204501,Oberlin College
204617,Ohio Dominican University
204635,Ohio Northern University
204671,Ohio State University-Lima Campus
204680,Ohio State University-Mansfield Campus
204699,Ohio State University-Marion Campus
204705,Ohio State University-Newark Campus
204796,Ohio State University-Main Campus
204802,Ohio University-Eastern Campus
204820,Ohio University-Chillicothe Campus
204839,Ohio University-Southern Campus
204848,Ohio University-Lancaster Campus
204857,Ohio University-Main Campus
204866,Ohio University-Zanesville Campus
204909,Ohio Wesleyan University
204936,Otterbein University
204990,Payne Theological Seminary
205027,Pontifical College Josephinum
205054,Professional Skills Institute
205124,Rabbinical College Telshe
205203,University of Rio Grande
205391,The Modern College of Design
205443,Shawnee State University
205470,Sinclair Community College
205957,Franciscan University of Steubenville
206048,Tiffin University
206084,University of Toledo
206154,Tri-State Bible College
206288,United Theological Seminary
206349,Ursuline College
206437,Walsh University
206446,Washington State College of Ohio
206491,Wilberforce University
206507,Wilmington College
206516,Winebrenner Theological Seminary
206525,Wittenberg University
206589,The College of Wooster
206604,Wright State University-Main Campus
206613,Wright State University-Lake Campus
206622,Xavier University
206695,Youngstown State University
206817,Bacone College
206835,Oklahoma Wesleyan University
206862,Southern Nazarene University
206914,Cameron University
206941,University of Central Oklahoma
207041,East Central University
207157,Randall University
207209,Langston University
207236,Murray State College
207254,Spartan College of Aeronautics and Technology
207263,Northeastern State University
207306,Northwestern Oklahoma State University
207315,Oklahoma State University Center for Health Sciences
207324,Oklahoma Christian University
207342,University of Oklahoma-Health Sciences Center
207351,Oklahoma Panhandle State University
207388,Oklahoma State University-Main Campus
207397,Oklahoma State University-Oklahoma City
207403,Oklahoma Baptist University
207458,Oklahoma City University
207500,University of Oklahoma-Norman Campus
207564,Oklahoma State University Institute of Technology
207582,Oral Roberts University
207661,Rogers State University
207670,Rose State College
207722,University of Science and Arts of Oklahoma
207847,Southeastern Oklahoma State University
207856,Southwestern Christian University
207865,Southwestern Oklahoma State University
207971,University of Tulsa
208390,Chemeketa Community College
208512,Sumner College
208646,Eastern Oregon University
208725,New Hope Christian College-Eugene
208822,George Fox University
209038,Lane Community College
209056,Lewis & Clark College
209065,Linfield University
209241,Mount Angel Seminary
209250,Mt Hood Community College
209287,Multnomah University
209296,National University of Natural Medicine
209409,Bushnell University
209490,Oregon Health & Science University
209506,Oregon Institute of Technology
209542,Oregon State University
209551,University of Oregon
209603,Pacific Northwest College of Art
209612,Pacific University
209807,Portland State University
209825,University of Portland
209922,Reed College
210146,Southern Oregon University
210304,Warner Pacific University
210331,Corban University
210368,Western Seminary
210401,Willamette University
210429,Western Oregon University
210438,University of Western States
210492,Bryn Athyn College of the New Church
210508,Academy of Vocal Arts
210571,Albright College
210669,Allegheny College
210739,DeSales University
210775,Alvernia University
210809,American College of Financial Services
211024,Clarks Summit University
211088,Arcadia University
211130,Missio Theological Seminary
211273,Bryn Mawr College
211291,Bucknell University
211352,Cabrini University
211431,Carlow University
211440,Carnegie Mellon University
211468,Cedar Crest College
211477,Central Penn College
211556,Chatham University
211583,Chestnut Hill College
211608,Cheyney University of Pennsylvania
211893,Curtis Institute of Music
211981,Delaware Valley University
212009,Dickinson College
212054,Drexel University
212106,Duquesne University
212115,East Stroudsburg University of Pennsylvania
212133,Eastern University
212197,Elizabethtown College
212577,Franklin and Marshall College
212601,Gannon University
212656,Geneva College
212674,Gettysburg College
212771,Gratz College
212805,Grove City College
212832,Gwynedd Mercy University
212911,Haverford College
212984,Holy Family University
213011,Immaculata University
213020,Indiana University of Pennsylvania-Main Campus
213251,Juniata College
213303,Keystone College
213321,King's College
213349,Kutztown University of Pennsylvania
213358,La Roche University
213367,La Salle University
213376,Lackawanna College
213385,Lafayette College
213400,Lancaster Bible College
213446,Lancaster Theological Seminary
213507,Lebanon Valley College
213543,Lehigh University
213598,Lincoln University
213631,United Lutheran Seminary
213668,Lycoming College
213774,Manor College
213826,Marywood University
213987,Mercyhurst University
213996,Messiah University
214041,Millersville University of Pennsylvania
214069,Misericordia University
214148,Moore College of Art and Design
214157,Moravian University
214166,Mount Aloysius College
214175,Muhlenberg College
214272,Neumann University
214564,Salus University
214582,Pennsylvania Institute of Technology
214661,Pennsylvania State System of Higher Education-Central Office
214883,Peirce College
214971,Pennsylvania Academy of the Fine Arts
215053,Pennsylvania College of Art and Design
215062,University of Pennsylvania
215105,University of the Arts
215114,Cairn University-Langhorne
215123,Philadelphia College of Osteopathic Medicine
215266,University of Pittsburgh-Bradford
215275,University of Pittsburgh-Greensburg
215284,University of Pittsburgh-Johnstown
215293,University of Pittsburgh-Pittsburgh Campus
215415,Pittsburgh Technical College
215424,Pittsburgh Theological Seminary
215442,Point Park University
215619,Reconstructionist Rabbinical College
215637,Walnut Hill College
215655,Robert Morris University
215691,Rosemont College
215743,Saint Francis University
215770,Saint Joseph's University - Philadelphia
215798,Saint Vincent College
215813,Saint Vincent Seminary
215929,University of Scranton
215947,Seton Hill University
216010,Shippensburg University of Pennsylvania
216038,Slippery Rock University of Pennsylvania
216047,Saint Charles Borromeo Seminary-Overbrook
216278,Susquehanna University
216287,Swarthmore College
216311,Talmudical Yeshiva of Philadelphia
216339,Temple University
216348,Theological Seminary of the Reformed Episcopal Church
216357,Thiel College
216366,Thomas Jefferson University
216463,Trinity Anglican Seminary
216524,Ursinus College
216542,University of Valley Forge
216597,Villanova University
216667,Washington & Jefferson College
216694,Waynesburg University
216764,West Chester University of Pennsylvania
216807,Westminster College
216816,Westminster Theological Seminary
216852,Widener University
216931,Wilkes University
217013,Wilson College
217040,Yeshivath Beth Moshe
217059,York College of Pennsylvania
217156,Brown University
217165,Bryant University
217235,Johnson & Wales University-Providence
217305,New England Institute of Technology
217402,Providence College
217420,Rhode Island College
217484,University of Rhode Island
217493,Rhode Island School of Design
217518,Roger Williams University
217536,Salve Regina University
217606,Northpoint Bible College
217624,Allen University
217633,Anderson University
217688,Charleston Southern University
217721,Benedict College
217749,Bob Jones University
217776,Southern Wesleyan University
217819,College of Charleston
217864,Citadel Military College of South Carolina
217873,Claflin University
217882,Clemson University
217891,Clinton College
217907,Coker University
217925,Columbia International University
217934,Columbia College
217961,Converse University
217998,Erskine College
218061,Francis Marion University
218070,Furman University
218113,Greenville Technical College
218229,Lander University
218238,Limestone University
218335,Medical University of South Carolina
218399,Morris College
218414,Newberry College
218441,North Greenville University
218539,Presbyterian College
218645,University of South Carolina Aiken
218654,University of South Carolina Beaufort
218663,University of South Carolina-Columbia
218724,Coastal Carolina University
218733,South Carolina State University
218742,University of South Carolina-Upstate
218751,Sherman College of Chiropractic
218821,Spartanburg Methodist College
218919,Voorhees University
218964,Winthrop University
218973,Wofford College
219000,Augustana University
219046,Black Hills State University
219082,Dakota State University
219091,Dakota Wesleyan University
219198,Mount Marty University
219204,National American University-Rapid City
219240,Kairos University
219259,Northern State University
219277,Oglala Lakota College
219347,South Dakota School of Mines and Technology
219356,South Dakota State University
219374,Sinte Gleska University
219383,University of Sioux Falls
219408,Sisseton Wahpeton College
219471,University of South Dakota
219505,American Baptist College
219602,Austin Peay State University
219639,Baptist Health Sciences University
219709,Belmont University
219718,Bethel University
219790,Bryan College-Dayton
219806,Carson-Newman University
219833,Christian Brothers University
219842,Pentecostal Theological Seminary
219949,Cumberland University
219976,Lipscomb University
220075,East Tennessee State University
220118,Chattanooga College Medical Dental and & Technical Careers
220181,Fisk University
220206,Welch College
220215,Freed-Hardeman University
220473,Johnson University
220516,King University
220552,South College
220598,Lane College
220604,Le Moyne-Owen College
220613,Lee University
220631,Lincoln Memorial University
220701,The University of Tennessee Southern
220710,Maryville College
220792,Meharry Medical College
220862,University of Memphis
220871,Memphis Theological Seminary
220978,Middle Tennessee State University
220996,Middle Tennessee School of Anesthesia Inc
221351,Rhodes College
221519,The University of the South
221661,Southern Adventist University
221670,Southern College of Optometry
221731,Tennessee Wesleyan University
221740,The University of Tennessee-Chattanooga
221759,The University of Tennessee-Knoxville
221768,The University of Tennessee-Martin
221838,Tennessee State University
221847,Tennessee Technological University
221892,Trevecca Nazarene University
221953,Tusculum University
221971,Union University
221999,Vanderbilt University
222178,Abilene Christian University
222497,Alamo Community College District Central Office
222567,Alvin Community College
222628,Amberton University
222831,Angelo State University
222877,Arlington Baptist University
222983,Austin College
222992,Austin Community College District
223001,Austin Presbyterian Theological Seminary
223083,Baptist Health System School of Health Professions
223117,Baptist Missionary Association Theological Seminary
223223,Baylor College of Medicine
223232,Baylor University
223506,Brazosport College
224004,Concordia University Texas
224147,Texas A & M University-Corpus Christi
224226,Dallas Baptist University
224244,Dallas Christian College
224305,Dallas Theological Seminary
224323,University of Dallas
224350,Del Mar College
224527,East Texas Baptist University
224545,Texas A&M University-Texarkana
224554,East Texas A&M University
224615,Dallas College
224660,Western Technical College
224679,Western Technical College
224712,Episcopal Theological Seminary of the Southwest
224961,Galveston College
225070,Grayson College
225201,Hallmark University
225247,Hardin-Simmons University
225308,Trinity Valley Community College
225399,Houston Christian University
225414,University of Houston-Clear Lake
225423,Houston Community College
225432,University of Houston-Downtown
225502,University of Houston-Victoria
225511,University of Houston
225548,Howard Payne University
225575,Huston-Tillotson University
225627,University of the Incarnate Word
225885,Jarvis Christian University
226091,Lamar University
226134,Laredo College
226152,Texas A & M International University
226231,LeTourneau University
226383,Lubbock Christian University
226408,College of the Mainland
226471,University of Mary Hardin-Baylor
226587,McMurry University
226806,Midland College
226833,Midwestern State University
226879,Wade College
227146,Navarro College
227182,Lone Star College System
227216,University of North Texas
227289,Oblate School of Theology
227304,Odessa College
227331,Our Lady of the Lake University
227368,The University of Texas Rio Grande Valley
227429,Paul Quinn College
227526,Prairie View A & M University
227757,Rice University
227845,Saint Edward's University
227854,St Philip's College
227863,University of St Thomas
227881,Sam Houston State University
227924,San Antonio College
227979,San Jacinto Community College
228042,Schreiner University
228149,St. Mary's University
228194,South Texas College of Law Houston
228246,Southern Methodist University
228325,Nelson University
228343,Southwestern University
228431,Stephen F Austin State University
228459,Texas State University
228468,Southwestern Adventist University
228486,Southwestern Christian College
228501,Sul Ross State University
228529,Tarleton State University
228635,University of Texas Southwestern Medical Center
228644,The University of Texas Health Science Center at San Antonio
228653,The University of Texas Medical Branch at Galveston
228705,Texas A&M University-Kingsville
228723,Texas A&M University-College Station
228732,Texas A & M University-System Office
228769,The University of Texas at Arlington
228778,The University of Texas at Austin
228787,The University of Texas at Dallas
228796,The University of Texas at El Paso
228802,The University of Texas at Tyler
228866,Texas Chiropractic College Foundation Inc
228875,Texas Christian University
228884,Texas College
228909,University of North Texas Health Science Center
228981,Texas Lutheran University
229018,The University of Texas Permian Basin
229027,The University of Texas at San Antonio
229063,Texas Southern University
229090,The University of Texas System Office
229115,Texas Tech University
229160,Texas Wesleyan University
229179,Texas Woman's University
229267,Trinity University
229300,The University of Texas Health Science Center at Houston
229337,Texas Tech University Health Sciences Center
229355,Tyler Junior College
229407,University of Houston-System Administration
229780,Wayland Baptist University
229799,Weatherford College
229814,West Texas A & M University
229887,Wiley University
230038,Brigham Young University
230047,Brigham Young University-Hawaii
230171,Utah Tech University
230366,Eagle Gate College-Murray
230418,Ensign College
230597,Snow College
230603,Southern Utah University
230728,Utah State University
230737,Utah Valley University
230764,University of Utah
230782,Weber State University
230807,Westminster University
230816,Bennington College
230852,Champlain College
230889,Goddard College
230959,Middlebury College
230995,Norwich University
231059,Saint Michael's College
231068,SIT Graduate Institute
231095,Sterling College
231147,Vermont Law and Graduate School
231156,Vermont State Colleges-Office of the Chancellor
231165,Vermont State University
231174,University of Vermont
231420,Averett University
231554,Bluefield University
231581,Bridgewater College
231624,William & Mary
231651,Regent University
231712,Christopher Newport University
231785,Bryant & Stratton College-Virginia Beach
231970,Eastern Virginia Medical School
232025,Emory & Henry University
232043,Eastern Mennonite University
232089,Ferrum College
232186,George Mason University
232256,Hampden-Sydney College
232265,Hampton University
232308,Hollins University
232423,James Madison University
232557,Liberty University
232566,Longwood University
232609,University of Lynchburg
232618,Centra College
232672,Mary Baldwin University
232681,University of Mary Washington
232706,Marymount University
232797,American National University
232885,Sentara College of Health Sciences
232937,Norfolk State University
232982,Old Dominion University
233277,Radford University
233295,Randolph-Macon College
233301,Randolph College
233356,Bon Secours Memorial College of Nursing
233374,University of Richmond
233408,Riverside College of Health Careers
233426,Roanoke College
233541,Shenandoah University
233602,Southeastern Free Will Baptist Bible College
233611,Southern Virginia University
233684,Strayer University-Virginia
233718,Sweet Briar College
233842,Union Presbyterian Seminary
233897,University of Virginia's College at Wise
233921,Virginia Polytechnic Institute and State University
234030,Virginia Commonwealth University
234076,University of Virginia-Main Campus
234085,Virginia Military Institute
234137,Virginia University of Lynchburg
234155,Virginia State University
234164,Virginia Union University
234173,Virginia Wesleyan University
234207,Washington and Lee University
234669,Bellevue College
234696,Bellingham Technical College
234711,Big Bend Community College
234827,Central Washington University
234845,Centralia College
234915,City University of Seattle
234933,Clark College
234951,Clover Park Technical College
234979,Columbia Basin College
235024,Cornish College of the Arts
235097,Eastern Washington University
235103,Edmonds College
235149,Everett Community College
235167,The Evergreen State College
235237,Pierce College District
235316,Gonzaga University
235334,Grays Harbor College
235343,Green River College
235422,Heritage University
235431,Highline College
235547,Bastyr University
235671,Bates Technical College
235699,Lake Washington Institute of Technology
235750,Lower Columbia College
236072,North Seattle College
236133,Northwest University
236188,Olympic College
236230,Pacific Lutheran University
236258,Peninsula College
236328,University of Puget Sound
236382,Renton Technical College
236452,Saint Martin's University
236504,South Seattle College
236513,Seattle Central College
236577,Seattle Pacific University
236595,Seattle University
236610,Shoreline Community College
236638,Skagit Valley College
236656,South Puget Sound Community College
236692,Spokane Community College
236708,Spokane Falls Community College
236753,Tacoma Community College
236887,Walla Walla Community College
236896,Walla Walla University
236939,Washington State University
236948,University of Washington-Seattle Campus
236975,Wenatchee Valley College
237011,Western Washington University
237039,Whatcom Community College
237057,Whitman College
237066,Whitworth University
237109,Yakima Valley College
237136,Appalachian Bible College
237181,Bethany College
237215,Bluefield State University
237312,University of Charleston
237330,Concord University
237358,Davis & Elkins College
237367,Fairmont State University
237385,Glenville State University
237525,Marshall University
237686,West Virginia University at Parkersburg
237701,Potomac State College of West Virginia University
237783,Salem University
237792,Shepherd University
237880,West Virginia School of Osteopathic Medicine
237899,West Virginia State University
237905,West Virginia University Hospital Departments of Rad Tech and Nutrition
237932,West Liberty University
237950,West Virginia University Institute of Technology
237969,West Virginia Wesleyan College
237996,West Virginia Junior College-Morgantown
238032,West Virginia University
238078,Wheeling University
238193,Alverno College
238263,Madison Area Technical College
238324,Bellin College
238333,Beloit College
238458,Carroll University
238476,Carthage College
238616,Concordia University-Wisconsin
238661,Edgewood College
238980,Lakeland University
239017,Lawrence University
239071,Maranatha Baptist University
239080,Marian University
239105,Marquette University
239169,Medical College of Wisconsin
239309,Milwaukee Institute of Art & Design
239318,Milwaukee School of Engineering
239390,Mount Mary University
239424,Nashotah House
239512,Northland College
239628,Ripon College
239637,Sacred Heart Seminary and School of Theology
239716,Saint Norbert College
240107,Viterbo University
240189,University of Wisconsin-Whitewater
240213,Wisconsin School of Professional Psychology
240268,University of Wisconsin-Eau Claire
240277,University of Wisconsin-Green Bay
240329,University of Wisconsin-La Crosse
240338,Wisconsin Lutheran College
240365,University of Wisconsin-Oshkosh
240374,University of Wisconsin-Parkside
240392,Herzing University-Madison
240417,University of Wisconsin-Stout
240426,University of Wisconsin-Superior
240435,University of Wisconsin-System Administration
240444,University of Wisconsin-Madison
240453,University of Wisconsin-Milwaukee
240462,University of Wisconsin-Platteville
240471,University of Wisconsin-River Falls
240480,University of Wisconsin-Stevens Point
240514,Central Wyoming College
240620,Laramie County Community College
240657,Northwest College
240693,Western Wyoming Community College
240727,University of Wyoming
240736,American Samoa Community College
240745,Guam Community College
240754,University of Guam
240790,Northern Marianas College
241100,American University of Puerto Rico
241191,Universidad Adventista de las Antillas
241216,Atlantic University
241225,Universidad Central de Bayamon
241304,Columbia Central University-Caguas
241331,Albizu University-San Juan
241377,Caribbean University-Bayamon
241386,Caribbean University-Carolina
241395,Pontifical Catholic University of Puerto Rico-Arecibo
241410,Pontifical Catholic University of Puerto Rico-Ponce
241517,CEM College-San Juan
241614,Universidad Teologica del Caribe
241720,Colegio Universitario de San Juan
241739,Universidad Ana G. Mendez-Cupey Campus
241766,Puerto Rico Conservatory of Music
241793,Center for Advanced Studies On Puerto Rico and the Caribbean
241836,EDP University of Puerto Rico Inc-San Sebastian
241951,Escuela de Artes Plasticas y Diseno de Puerto Rico
242060,Sistema Universitario Ana G. Mendez
242112,Huertas College
242121,Humacao Community College
242617,Inter American University of Puerto Rico-San German
242626,Inter American University of Puerto Rico-Aguadilla
242635,Inter American University of Puerto Rico-Arecibo
242644,Inter American University of Puerto Rico-Barranquitas
242653,Inter American University of Puerto Rico-Metro
242662,Inter American University of Puerto Rico-Ponce
242671,Inter American University of Puerto Rico-Central Office
242680,Inter American University of Puerto Rico-Fajardo
242699,Inter American University of Puerto Rico-Guayama
242705,Inter American University of Puerto Rico-Bayamon
242723,Inter American University of Puerto Rico-School of Law
242972,NUC University
243081,Ponce Health Sciences University
243106,University of Puerto Rico-Aguadilla
243115,University of Puerto Rico-Arecibo
243133,University of Puerto Rico-Bayamon
243142,University of Puerto Rico-Carolina
243151,University of Puerto Rico at Cayey
243160,University of Puerto Rico-Central Administration
243179,University of Puerto Rico-Humacao
243188,University of Puerto Rico-Utuado
243197,University of Puerto Rico-Mayaguez
243203,University of Puerto Rico-Medical Sciences
243212,University of Puerto Rico at Ponce
243221,University of Puerto Rico-Rio Piedras
243346,Universidad Ana G. Mendez-Carolina Campus
243443,Universidad del Sagrado Corazon
243498,Seminario Evangelico de Puerto Rico
243568,Universidad Central Del Caribe
243577,Universidad Politecnica de Puerto Rico
243586,Pontifical Catholic University of Puerto Rico-Mayaguez
243601,Universidad Ana G. Mendez-Gurabo Campus
243638,College of Micronesia-FSM
243665,University of the Virgin Islands
243744,Stanford University
243780,Purdue University-Main Campus
243823,Parker University
243832,EDP University of Puerto Rico Inc-San Juan
244233,City College-Hollywood
245652,St. John's College
245777,Bais Medrash Elyon
245838,Antioch University-Los Angeles
245847,Antioch University-Santa Barbara
245865,Antioch University-New England
245883,Antioch University-Seattle
245892,Antioch University
245953,Mid-America Christian University
246354,Palo Alto College
246789,HJ International Graduate School for Peace and Public Leadership
247065,Beckfield College-Florence
247083,University of Louisiana-System Administration
247162,Ecumenical Theological Seminary
247649,Landmark College
247773,Yeshiva Gedolah of Greater Detroit
247834,Collin County Community College District
248934,ECPI University
251312,South University-Columbia
260372,Lac Courte Oreilles Ojibwe University
260789,Platt College-Los Angeles
260813,Platt College-Aurora
260992,Northwestern College
262086,University of Massachusetts Global
262129,New College of Florida
262165,Montana Bible College
363712,Yeshivah Gedolah Rabbinical College
363907,Caribbean University-Ponce
363916,Caribbean University-Vega Baja
363934,University of Advancing Technology
364016,Paradise Valley Community College
366003,South Florida Bible College and Theological Seminary
366252,Pennsylvania College of Technology
366340,Stone Child College
366368,New York Academy of Art
366711,California State University-San Marcos
367884,Hodges University
367954,University of St. Augustine for Health Sciences
368452,Nossi College of Art and Design
369002,Massachusetts School of Law
369516,Bryan University
369659,Oregon College of Oriental Medicine
372073,Fremont University
374024,Adler Graduate School
375230,Yeshiva Gedolah Imrei Yosef D'spinka
376224,CEM College-Humacao
376385,Universal Technology College of Puerto Rico
376695,College of the Marshall Islands
377546,Northwest College of Art & Design
377555,University of Washington-Bothell Campus
377564,University of Washington-Tacoma Campus
377661,Valley College-Martinsburg
378576,Pacific College of Health and Science
379782,Center for Advanced Legal Studies
380359,Bay Mills Community College
380368,Fond du Lac Tribal and Community College
380377,Northwest Indian College
380438,Provo College
381352,Colorado Chinese Medicine University
381459,Phoenix Seminary
383020,Midwest College of Oriental Medicine-Racine
384254,Beacon College
384306,Acupuncture and Integrative Medicine College-Berkeley
384412,University of the Potomac-Washington DC Campus
384421,Rabbi Jacob Joseph School
385415,Albert Einstein College of Medicine
385619,Everglades University
386472,Herzing University-Orlando
388520,College of Biblical Studies-Houston
392257,The College of Health Care Professions-Northwest
399869,Southern California Institute of Technology
399911,Soka University of America
401223,World Mission University
401250,Yo San University of Traditional Chinese Medicine
404222,Inter American University of Puerto Rico-School of Optometry
404338,Schiller International University
404480,University System of Maryland-Research Centers
405058,Yeshivas Novominsk
405854,Rabbinical College of Ohr Shimon Yisroel
406024,Galen College of Nursing-Tampa Bay
406033,Galen College of Nursing-San Antonio
407610,Pacific Bible College
407629,Lake Erie College of Osteopathic Medicine
408844,Florida National University-Main Campus
409254,Erikson Institute
409315,South Texas College
409616,Roger Williams University School of Law
409698,California State University-Monterey Bay
413413,Capella University
413617,College of Menominee Nation
414595,Pacific College of Health and Science
414878,Trine University-Regional/Non-Traditional Campuses
414966,Phillips Theological Seminary
416801,The University of Texas MD Anderson Cancer Center
417734,Southeast Missouri Hospital College of Nursing and Health Sciences
417752,Messenger College
418126,New York College of Health Professions
420024,Centura College-Chesapeake
420042,University of Phoenix-Hawaii
420246,Sonoran University of Health Sciences
420325,Yeshiva D'monsey Rabbinical College
420398,Northwest Vista College
420705,Bakke Graduate University
420802,Arizona Board of Regents
421708,Arizona College of Nursing-Tempe
421878,Eastern International College-Jersey City
422695,Pacific College
423120,Compu-Med Vocational Careers Corp
423643,Midwestern University-Glendale
426314,Embry-Riddle Aeronautical University-Worldwide
428170,Southeastern College-West Palm Beach
428259,Ottawa University-Milwaukee
428453,Minnesota State Colleges and Universities System Office
429085,American College of Acupuncture and Oriental Med
429094,AOMA Graduate School of Integrative Medicine
430184,Strayer University-Maryland
430670,San Juan Bautista School of Medicine
430704,Texas Health and Science University
431983,Yeshiva of the Telshe Alumni
432348,Appalachian School of Law
432384,Platt College-Ontario
433004,American University of Health Sciences
433013,Career Networks Institute
433174,Carolinas College of Health Sciences
433387,Western Governors University
433420,California Aeronautical University
433536,Herzing University-New Orleans
433660,Florida Gulf Coast University
434441,Florida College of Integrative Medicine
434584,Ilisagvik College
434900,Dewey University-Carolina
434937,Yeshiva College of the Nations Capital
435000,Louisiana State University Health Sciences Center-Shreveport
436429,Los Angeles Film School
436614,International Baptist College and Seminary
436818,University of Connecticut-Waterbury Campus
436827,University of Connecticut-Avery Point
436836,University of Connecticut-Stamford
437097,University of Management and Technology
438179,Brookline College-Tucson
438586,American InterContinental University-Atlanta
438665,Rancho Santiago Community College District Office
439020,Midwest College of Oriental Medicine-Skokie
439154,Texas Tech University System Administration
439190,Cascadia College
439367,CBD College
439394,East West College of Natural Medicine
439446,Atlantic Institute of Oriental Medicine
439701,The King's University
439783,New York College of Traditional Chinese Medicine
439817,Northeastern Seminary
439862,Pacific Islands University
439871,PCI College
439914,Seattle Institute of East Asian Medicine
439969,Acupuncture and Massage College
440004,Upper Valley Educators Institute
440031,Keck Graduate Institute
440138,Antioch University-System Administration
440396,New Saint Andrews College
440651,Atenas University
440794,Pillar College
440828,Oregon State University-Cascades Campus
440916,Southern University Law Center
441104,Richmont Graduate University
441131,The Seattle School of Theology & Psychology
441229,Smith Chason College
441609,Yeshiva Shaarei Torah of Rockland
441636,American Institute of Alternative Medicine
441690,Universidad Pentecostal Mizpa
441900,Nevada State University
441937,California State University-Channel Islands
441982,Franklin W Olin College of Engineering
442064,Won Institute of Graduate Studies
442295,Ave Maria School of Law
442356,Saint Joseph's University - Lancaster
442426,St Louis College of Health Careers-Fenton
442569,University of Arkansas Grantham
442639,University of the Potomac-VA Campus
442806,Edward Via College of Osteopathic Medicine
442842,Pacific College of Health and Science
442930,University of Antelope Valley
443030,NorthShore University HealthSystem School of Nurse Anesthesia
443049,Faith International University
443058,Family of Faith Christian University
443076,Hood Theological Seminary
443331,West Coast University-Los Angeles
443340,Williamson Christian College
443410,DigiPen Institute of Technology
443562,Dewey University-Hato Rey
443571,InterCoast Colleges-West Covina
443599,American College of Healthcare Sciences
443650,Miller-Motte College-Chattanooga
443702,"Bexley Hall Seabury Western Theological Seminary Federation, Inc."
443711,University of North Texas System
443766,Strayer University-Tennessee
443784,Strayer University-Pennsylvania
444088,Brookline College-Albuquerque
444103,Byzantine Catholic Seminary of Saints Cyril and Methodius
444130,Northcentral University
444325,ATI College-Whittier
444398,Baptist University of the Americas
444413,Beis Medrash Heichal Dovid
444699,Institute of Clinical Acupuncture & Oriental Medicine
444778,Charlotte Christian College and Theological Seminary
444787,Nightingale College
445027,American InterContinental University System
445054,Toyota Technological Institute at Chicago
445133,American InterContinental University-Houston
445188,University of California-Merced
445267,Central Methodist University-College of Graduate and Extended Studies
445692,Neumont College of Computer Science
445708,Johnson & Wales University-Charlotte
445735,Roseman University of Health Sciences
445869,Divine Mercy University
446002,American Academy of Health and Wellness
446039,Arizona School of Acupuncture and Oriental Medicine
446048,Ave Maria University
446109,Cambridge College of Healthcare & Technology
446127,ATA Career Education
446224,Eastern School of Acupuncture and Traditional Medicine
446233,Ecclesia College
446385,Los Angeles College of Music
446525,SAE Institute of Technology-Nashville
446561,Stanbridge University
446604,Uta Mesivta of Kiryas Joel
446640,Harrisburg University of Science and Technology
446978,Colorado State University-System Office
447014,Daytona College
447050,United States University
447263,Joyce University of Nursing and Health Sciences
447421,Eagle Gate College-Layton
447689,Georgia Gwinnett College
447698,Phoenix Institute of Herbal Medicine & Acupuncture
447713,California Career College
447801,University of East-West Medicine
447953,SUM Bible College and Theological Seminary
448239,Careers Unlimited
448336,Arkansas State University System
448381,San Joaquin Valley College-Central Administrative Office
448691,International Institute for Restorative Practices
449038,Strayer University-Florida
449135,Dewey University-Juana DÃ­az
449339,American Public University System
449348,Huntsville Bible College
449384,Gnomon
449481,Dragon Rises College of Oriental Medicine
449658,Bais Medrash Toras Chesed
449764,Visible Music College
449834,Virginia Beach Theological Seminary
449870,University of the West
449889,American College of Education
449898,South University-Tampa
449922,Appalachian College of Pharmacy
450298,Strayer University-Delaware
450304,Brite Divinity School
450377,Strayer University-Alabama
450571,Rasmussen University-Wisconsin
450933,Columbia Southern University
451079,Academy for Five Element Acupuncture
451103,Miami Regional University
451370,Yeshivas Be'er Yitzchok
451398,Yeshiva Toras Chaim
451404,Talmudical Seminary of Bobov
451510,Charleston School of Law
451556,Southwest University at El Paso
451750,Bryant & Stratton College-Wauwatosa
451866,Remington College-Shreveport Campus
451927,Patrick Henry College
452373,ATA College-Cincinnati
452948,Galen College of Nursing-Cincinnati
453163,Strayer University-North Carolina
453215,Strayer University-New Jersey
454218,Chamberlain University-Administrative Office
454227,Chamberlain University-Illinois
454236,Chamberlain University-Ohio
454245,Chamberlain University-Arizona
454582,Ottawa University-Online
454689,Taft University System
454786,Laurus College
454829,Aspen University
454838,Institute of Taoist Education and Acupuncture
454856,Denver College of Nursing
454865,Cambridge College of Healthcare & Technology
455099,Urshan Graduate School of Theology
455178,Daoist Traditions College of Chinese Medical Arts
455257,Yeshiva of Machzikai Hadas
455406,Pacific Northwest University of Health Sciences
455433,The Chicago School at Anaheim
455664,The Chicago School at Los Angeles
455770,Providence Christian College
455804,Institute of World Politics
455813,Pontifical John Paul II Institute for Studies on Marriage and Family
455992,Vermont College of Fine Arts
456481,Polytechnic University of Puerto Rico-Miami
456490,Polytechnic University of Puerto Rico-Orlando
456542,Geisinger Commonwealth School of Medicine
456621,Strayer University-West Virginia
456959,University of Minnesota-Rochester
457086,Homestead Schools
457129,Chamberlain University-Florida
457226,Horizon University
457271,Academy for Jewish Religion California
457299,Angeles College
457402,University of Fort Lauderdale
457484,Pacific Rim Christian University
457527,Ambria College of Nursing
457697,City Vision University
458113,Ascent College
458210,West Coast University-Orange County
458229,West Coast University-Ontario
458885,Strayer University-Arkansas
458919,Strayer University-Georgia
458955,Strayer University-Mississippi
458964,Strayer University-South Carolina
458973,Strayer University-Texas
459204,Unitek College
459213,Gurnick Academy of Medical Arts
459259,South University-Richmond
459268,South University-Virginia Beach
459727,Touro University Worldwide
459736,Touro University California
459745,The Chicago School at Washington DC
459824,Touro University Nevada
459842,Herzing University-Kenosha
459851,Herzing University-Brookfield
459949,Texas A&M University-San Antonio
459994,Strayer University-Global Region
460349,Johnson & Wales University-Online
460871,Chamberlain University-Virginia
461023,Crestpoint University
461032,Carolina College of Biblical Studies
461120,Omega Graduate School
461139,Jung Tao School of Classical Chinese Medicine
461148,New York Film Academy
461263,American Medical Sciences Center
461281,Jose Maria Vargas University
461485,Shepherds Theological Seminary
461528,Manna University
461759,Simmons College of Kentucky
461795,North American University
461847,Keser Torah-Mayan Hatalmud
461883,Millennia Atlantic University
462044,Institute for Doctoral Studies in the Visual Arts
462354,John Paul the Great Catholic University
463056,University of Connecticut-Hartford Campus
464226,Ottawa University-Surprise
466921,Chamberlain University-Missouri
466930,Chamberlain University-Texas
469416,Dewey University-Manati
474863,Los Angeles Pacific University
475033,Relay Graduate School of Education
475121,South University-Savannah Online
475200,Whitworth University-Adult Degree Programs
475228,The Colleges of Law at Santa Barbara
475237,The University of America
475273,"Springfield College-Regional, Online, and Continuing Education"
475398,Catholic International University
475477,City College-Hollywood
475495,Rocky Mountain University of Health Professions
475608,Criswell College
475714,American Medical Academy
475732,Chamberlain University-Georgia
475741,Chamberlain University-Indiana
475839,Sessions College for Professional Design
476601,Bais HaMedrash and Mesivta of Baltimore
476692,Yeshiva Gedolah Zichron Leyma
476717,Be'er Yaakov Talmudic Seminary
476975,Colorado State University Global
477039,West Coast University-Texas
480073,South University-Austin
480091,Bryant & Stratton College-Online
480198,Warner Pacific University Professional and Graduate Studies
480204,Platt College-Riverside
480569,Florida Institute of Technology-Online
480657,Rasmussen University-Kansas
480781,California Miramar University
480790,Rocky Vista University
480985,Midwives College of Utah
481030,Future Generations University
481058,Grace Mission University
481094,Sotheby's Institute of Art-NY
481225,Mid-South Christian College
481401,Grace School of Theology
481410,Yeshiva Gedolah Kesser Torah
481438,Yeshiva Yesodei Hatorah
481720,South University-High Point
482149,Augusta University
482158,Middle Georgia State University
482228,Veritas Baptist College
482413,DeVry College of New York
482422,DeVry University-Arizona
482431,DeVry University-California
482459,DeVry University-Florida
482468,DeVry University-Georgia
482477,DeVry University-Illinois
482547,DeVry University-Nevada
482556,DeVry University-New Jersey
482574,DeVry University-Ohio
482635,DeVry University-Texas
482653,DeVry University-Virginia
482680,University of North Georgia
482699,South Georgia State College
482705,Northeastern University Professional Programs
482936,Florida Polytechnic University
483018,Antioch College
483036,Texas A&M University-Central Texas
483124,Arizona State University Digital Immersion
483221,Learnet Academy Inc
483373,Integrity College of Health
483595,Ana G. Mendez University
483780,Washington University of Science and Technology
483975,Alabama College of Osteopathic Medicine
484473,University of Florida-Online
484613,University of Phoenix-Arizona
484631,University of Phoenix-California
484710,University of Phoenix-Nevada
484756,University of Phoenix-Texas
484862,University of West Los Angeles
484871,Rabbinical College Ohr Yisroel
484905,University of North Texas at Dallas
485111,Georgia Military College
485272,West Coast University-Miami
485403,High Tech High Graduate School of Education
485467,Carrington College-Administrative Office
485519,Lionel University
485546,California Intercontinental University
485698,American College of the Building Arts
485768,Atlantis University
485999,Bet Medrash Gadol Ateret Torah
486017,Yeshiva Ohr Yisrael
486026,Yeshiva Sholom Shachna
486053,Bethlehem College & Seminary
486080,Elmezzi Graduate School of Molecular Medicine
486196,Beth Medrash Meor Yitzchok
486239,San Ignacio University
486257,Valor Christian College
486284,Bethany Global University
486354,United International College
486433,Presidio Graduate School
486488,California Jazz Conservatory
486840,Kennesaw State University
486901,Milligan University
486938,Chamberlain University-Nevada
486947,Chamberlain University-Michigan
486956,Chamberlain University-New Jersey
487010,The University of Tennessee Health Science Center
487153,The Chicago School at Xavier University of Louisiana
487375,Arizona College of Nursing-Las Vegas
487524,Husson University
487603,Northwest University-Center for Online and Extended Education
487649,California Institute of Advanced Management
487746,Yeshiva Zichron Aryeh
487861,Felbry College
487977,Martinsburg College
487995,Alhambra Medical University
488004,Central Yeshiva Beth Joseph
488031,Abraham Lincoln University
488305,Elim Bible Institute and College
488314,Beth Medrash of Asbury Park
488350,Yeshiva Gedolah Shaarei Shmuel
488387,Claremont Lincoln University
488448,Seattle Film Institute
488527,Arkansas Colleges of Health Education
488554,Burrell College of Osteopathic Medicine
488572,California Health Sciences University
488679,Indiana Wesleyan University-National & Global
488776,John Patrick University of Health and Applied Sciences
488785,University of Saint Katherine
488800,Teachers College of San Joaquin
488846,University of the People
488907,Wongu University of Oriental Medicine
489335,Institute of Buddhist Studies
489344,Chamberlain University-North Carolina
489353,Chamberlain University-California
489779,Purdue University Global
489858,West Coast University-Center for Graduate Studies
489937,Carolina University
490045,Presbyterian Theological Seminary in America
490081,America Evangelical University
490106,Virginia University of Integrative Medicine
490124,Los Angeles Academy of Figurative Art
490133,Westcliff University
490203,Bolivar Technical College
490230,Reformed University
490276,Yeshiva Shaar Ephraim
490285,California Institute of Arts & Technology
490319,Yeshiva Bais Aharon
490328,Mechon L'hoyroa
490373,Western Michigan University Homer Stryker M.D. School of Medicine
490504,Yeshiva Ohr Naftoli
490513,Bais Medrash Mayan Hatorah
490753,Maine Media College
490805,Purdue University Northwest
490878,Platt College-Anaheim
491057,Yeshiva Kollel Tifereth Elizer
491190,The Chicago School at San Diego
491288,University of Wisconsin-Milwaukee Flex
491297,University of Wisconsin-Parkside Flex
491525,Union Bible College
491613,Yeshiva Gedolah Tiferes Boruch
491622,Yeshiva Chemdas Hatorah
491631,Women's Institute of Torah Seminary and College
491640,Yeshiva Gedolah Keren Hatorah
491710,Yeshiva Gedolah of Cliffwood
491765,Yeshivas Emek Hatorah
491808,Meridian University
491914,Yeshiva Gedola Tiferes Yerachmiel
492069,Champion Christian College
492209,Reiss-Davis Graduate School
492263,The University of Tennessee System Office
492476,EDP University of Puerto Rico-Villalba
492607,The Chicago School at Dallas
492689,Texas Tech University Health Sciences Center-El Paso
492704,Ponce Health Sciences University-Centro Universitario de San Juan
492759,Chamberlain University-Louisiana
492801,Drury University-College of Continuing Professional Studies
492962,Indiana Institute of Technology-College of Professional Studies
493363,Institute of Lutheran Theology
493512,San Diego Global Knowledge University
493594,Yeshiva of Ocean
493600,Congregation Talmidei Mesivta Tiferes Shmiel Aleksander
493664,Yeshivat Hechal Shemuel
493673,Professional University Dr. Carlos J. Borrero Rios
493707,Yeshiva Gedolah of Woodlake Village
493716,Yeshiva Gedola Tiferes Yaakov Yitzchok
493822,College Unbound
493895,SANS Technology Institute
493947,Idaho College of Osteopathic Medicine
494010,Ponce Health Sciences University-St Louis
494162,Arizona College of Nursing-Dallas
494278,EDP University of Puerto Rico-Humacao
494287,EDP University of Puerto Rico-Manati
494551,IE New York College
494597,Faith Theological Seminary and Christian College
494603,The Southwestern Baptist Theological Seminary
494621,Lotus Professional College
494630,Christ Mission College
494685,Urshan University
494737,Yeshiva Yesoda Hatorah Vetz Chaim
494746,North-West College-San Diego
494807,Ponce Health Sciences University-East
